Geo ID,INTPTLAT,INTPTLON,ZIPCODE
484530329001,30.3514926,-97.8197064,78730
484530343001,30.4334918,-97.8096371,78750
484530023233,30.2296869,-97.7527029,78704
484530014013,30.2518448,-97.7453374,78767
484530304002,30.2086419,-97.8007751,78745
484530357003,30.460862,-97.8495384,78713
484530303002,30.2205495,-97.8007793,78745
484530023243,30.2355622,-97.7175168,78741
484530431002,30.3526208,-97.6935937,78753
484530358001,30.4350894,-97.8519371,
484530019221,30.2406956,-97.7937192,78704
484530351001,30.34298,-97.9166983,78732
484530304003,30.2146481,-97.8058099,78745
484530020043,30.2351783,-97.7903521,78745
484530011032,30.2646001,-97.7396453,78701
484530349003,30.3680274,-97.9045987,78732
484530019222,30.250589,-97.7900043,78704
484530310001,30.2054581,-97.824768,78745
484530310002,30.2069478,-97.8333743,78745
484530320001,30.2254932,-97.836736,78749
484530317002,30.1857705,-97.8344716,78748
484530409001,30.3695822,-97.6977911,78758
484530348001,30.2051118,-97.8668929,78749
484530446001,30.4251934,-97.6389603,78691
484530006052,30.2893042,-97.7496601,78705
484530006051,30.2968138,-97.748605,78705
484530335001,30.2063888,-97.8474343,78749
484530370001,30.3256499,-97.9849893,78738
484530369002,30.3444135,-97.9919691,78738
484530006062,30.2919097,-97.7427939,78705
484530006061,30.2943811,-97.74318,78705
484530019145,30.2446451,-97.8190526,78745
484530334001,30.2125986,-97.8384241,78749
484530406003,30.3615461,-97.7013235,78758
484530409004,30.369921,-97.7015678,78758
484530401003,30.3596238,-97.7099045,78758
484530407001,30.3654608,-97.7096301,78758
484530406001,30.3661798,-97.7011105,78758
484530006071,30.2858433,-97.7510816,78705
484530320006,30.2317993,-97.842002,78749
484530336002,30.350073,-97.970482,78738
484530320005,30.2295292,-97.8470042,78749
484530024441,30.2106314,-97.7759052,78745
484530417002,30.389777,-97.6955838,78758
484530336001,30.3779276,-97.9674046,78734
484530013103,30.253134,-97.7633395,78704
484530312001,30.2253995,-97.8617896,78749
484530009023,30.2568324,-97.7178294,78702
484530372002,30.1576563,-97.8393753,78748
484530444003,30.433296,-97.6277408,78691
484530019202,30.2462086,-97.871677,78735
484530408002,30.3784877,-97.7024942,78758
484530347003,30.2144209,-97.8881991,78749
484530024431,30.203142,-97.7694308,78745
484530320004,30.2303375,-97.8542541,78749
484530023151,30.2345938,-97.7330258,78741
484530417001,30.3876304,-97.7031289,78758
484530453002,30.3974697,-97.7129951,78758
484530419001,30.3957942,-97.6903757,78758
484530418003,30.3938058,-97.6995756,78758
484530401001,30.3559507,-97.7126267,78758
484530405002,30.3554686,-97.7182668,78757
484530357002,30.4647918,-97.842094,78713
484530311002,30.226494,-97.9019313,78736
484530356001,30.4323731,-97.9057812,78641
484530408001,30.373863,-97.7077147,78758
484530314001,30.4234245,-97.9415425,78734
484530459002,30.3574773,-97.5254796,78653
484530019144,30.2622302,-97.8440825,78735
484530348003,30.208338,-97.8815864,78749
484530416002,30.3696159,-97.6737757,78753
484530330002,30.2405798,-97.8993997,78736
484530019201,30.2494198,-97.8896082,78735
484530011011,30.2696516,-97.7375527,78701
484530405001,30.3664207,-97.7234381,78757
484530404001,30.3677025,-97.7294557,78757
484530335002,30.1987068,-97.8438377,78749
484530019203,30.2654477,-97.8977772,78735
484530404003,30.3709797,-97.7346218,78757
484530453001,30.4050765,-97.7069675,78758
484530309002,30.1898798,-97.819908,78745
484530454001,30.4085967,-97.7242507,78759
484530002032,30.3166404,-97.7355011,78756
484530312004,30.2156693,-97.8672937,78749
484530022131,30.2919891,-97.6465946,78724
484530454003,30.3859032,-97.7260439,78758
484530349002,30.385266,-97.902387,78732
484530021091,30.2827105,-97.6997804,78721
484530331001,30.3799224,-97.9764523,78734
484530022133,30.2890279,-97.6351288,78724
484530438001,30.3835303,-97.6554838,78753
484530315003,30.3844383,-97.9306774,78734
484530006053,30.2918779,-97.7485471,78705
484530022182,30.3176285,-97.5278648,78653
484530415001,30.3765768,-97.6682203,78753
484530360002,30.5463922,-97.8940714,78641
484530013092,30.2590909,-97.7673313,78704
484530001014,30.3119231,-97.7536549,78731
484530024532,30.17158,-97.6156723,78617
484530376003,30.4306046,-97.95975,78645
484530373001,30.4654687,-97.9901454,78645
484530348002,30.2014715,-97.8760185,78749
484530020072,30.2350554,-97.7825504,78704
484530367003,30.1924564,-97.9016538,78739
484530020061,30.2305719,-97.7797172,78704
484530020062,30.2350232,-97.7761059,78704
484530013121,30.2460782,-97.7620349,78704
484530022181,30.3338759,-97.5319829,78653
484530466001,30.488945,-97.5637877,78660
484530019232,30.2522502,-97.7806429,78704
484530466002,30.4908724,-97.5777846,78660
484530022211,30.3203582,-97.6171415,78724
484530022192,30.3104028,-97.5907723,78724
484530424003,30.3820463,-97.5502382,78653
484530424004,30.3566395,-97.5689832,78653
484530013102,30.2546801,-97.7649644,78704
484530366003,30.2600512,-98.0247152,78620
484530369001,30.3397003,-97.985351,78738
484530410004,30.367527,-97.6891374,78753
484530330003,30.2479675,-97.9109273,78736
484530012005,30.270168,-97.7598134,78703
484530019231,30.2600636,-97.7778863,78704
484530019113,30.2658389,-97.7751242,78703
484530352001,30.4047583,-98.0450453,78669
484910212033,30.5792669,-97.4139504,76574
484530024193,30.1863227,-97.7560125,78744
484530416003,30.3619813,-97.678455,78753
484530410002,30.3644157,-97.6894706,78753
484530022132,30.2859358,-97.6420721,78724
484530410001,30.3755002,-97.6839264,78753
484530410003,30.3703661,-97.6876942,78753
484530024472,30.2065646,-97.7271093,78744
484530024223,30.1802703,-97.7895912,78715
484530415002,30.3832595,-97.6693418,78753
484530437001,30.392312,-97.6673246,78753
484530411001,30.3812655,-97.6802163,78753
484530367001,30.1884811,-97.8958799,78739
484530368002,30.1851207,-97.8767444,78739
484530411002,30.3875316,-97.6785511,78753
484530444004,30.439274,-97.6403719,78691
484530450001,30.3712916,-97.6410467,78754
484530309004,30.1994998,-97.81149,78715
484530011012,30.2723402,-97.7466337,78701
484530333004,30.1587099,-97.8785256,78739
484530364001,30.4902724,-97.9575857,78645
484530012001,30.2745143,-97.7577556,78701
484530006064,30.2891904,-97.7429845,78705
484530006081,30.2864722,-97.7432417,78705
484530024131,30.1972215,-97.7422286,78744
484530370002,30.3164043,-97.9624568,78738
484530319002,30.165058,-97.8255046,78748
484530006073,30.2842227,-97.746558,78705
484530306003,30.3466117,-97.7525795,78731
482090103072,29.891262,-97.916191,78666
484530331003,30.3694795,-97.9929437,78734
484530354001,30.3410846,-98.0088849,78738
484530323001,30.3564049,-97.749892,78731
484530024412,30.1839084,-97.7613455,78744
484530375001,30.4976157,-97.9023185,78641
484530366001,30.25118,-97.9522952,
484530011023,30.2649737,-97.7483854,78701
484530013101,30.2588747,-97.7609476,78704
484530024133,30.1900923,-97.7430498,78744
484530306004,30.3447796,-97.7589532,78731
484530306002,30.3544513,-97.762789,78731
484530321002,30.2247727,-97.8151063,78715
484530024383,30.1685821,-97.8137161,78748
484530464002,30.4735171,-97.6597701,78682
484530373002,30.444791,-97.9896934,78645
484530366002,30.286429,-97.971057,78738
484530024421,30.1812544,-97.7552919,78744
484530023221,30.2249124,-97.7587391,78704
484530023232,30.2333784,-97.7481133,78704
484530424001,30.3712927,-97.6023406,78754
484530310003,30.1981269,-97.8353925,78715
484530317003,30.187371,-97.8417464,78748
484530320002,30.2342266,-97.8327806,78749
484530352002,30.3937791,-98.0291147,78669
484910215032,30.5241098,-97.6710251,78664
484530319003,30.1700246,-97.8332755,78748
484530318003,30.176895,-97.8315453,78748
484530436003,30.3333438,-97.6761858,78754
484530322002,30.3649684,-97.7560623,78731
484530403003,30.3412558,-97.6916723,78752
484530424002,30.3455321,-97.627693,78754
484530302003,30.3706041,-97.7517894,78759
484530021052,30.3167562,-97.7105296,78751
484530313002,30.1851088,-97.8596173,78749
484530302002,30.3780879,-97.7426101,78759
484530435003,30.3584142,-97.6613003,78753
484530307002,30.3459974,-97.7755599,78731
484530015044,30.3455555,-97.7307654,78757
484530307003,30.3477574,-97.7867527,78731
484530402001,30.3257814,-97.688573,78752
484530323002,30.3600663,-97.7486336,78731
484530374002,30.4248071,-98.0056038,78645
484530022012,30.3072252,-97.6550924,78724
484530021101,30.2689593,-97.6846525,78721
484530021092,30.2795723,-97.6914013,78721
484530374003,30.434577,-98.022071,78645
484530340001,30.3285305,-97.9002384,78732
484530400004,30.3475531,-97.707704,78753
484530019161,30.3051275,-97.8926604,78733
484530015051,30.3353845,-97.7348826,78757
484530015054,30.331548,-97.7268225,78757
484530019141,30.247825,-97.8260227,78735
484910203231,30.5367259,-97.8542268,78641
484530021112,30.2532607,-97.6940465,78721
484530021111,30.2682835,-97.6923533,78721
484530021082,30.3061369,-97.6639016,78723
484530021081,30.2942939,-97.6707605,78723
484530016061,30.3056732,-97.7608291,78703
484530021041,30.3172502,-97.6946194,78723
484530025002,30.4210139,-97.7533129,78859
484530025004,30.4127915,-97.7501389,78859
484530025003,30.4137029,-97.7558491,78859
484910203212,30.5460501,-97.8464491,78641
484530025001,30.4121817,-97.7610542,78859
482090101001,29.8828279,-97.9417543,78666
482090109051,30.0203305,-98.0076183,78676
482090102001,29.8936427,-97.9452216,78666
482090107021,29.9370403,-97.9182443,78666
484910214023,30.6310736,-97.6813747,78626
484910213001,30.7860905,-97.4312745,76511
484910213003,30.7103392,-97.4457168,76530
482090101002,29.8772377,-97.9505626,78666
482090102002,29.8885725,-97.9383923,78666
482090108091,30.2191462,-98.0044382,78737
484910209003,30.5378648,-97.2681092,76578
484910201141,30.6722298,-97.6921372,78628
484910212012,30.5790061,-97.4275916,76574
484910210002,30.5535372,-97.3882276,76574
484910215021,30.5301229,-97.6842944,78664
484910205031,30.4948631,-97.69974,78681
484910203272,30.5252509,-97.8376294,78613
484910209002,30.5855409,-97.2990642,76578
484910203251,30.5358988,-97.8435802,78613
484910213004,30.7334191,-97.4104523,76530
484910203271,30.5126837,-97.8368827,78613
484910203211,30.5535065,-97.8488554,78641
484910212011,30.5870875,-97.435939,76574
484530024102,30.2019092,-97.7889638,78745
484530021132,30.3144843,-97.6755752,78723
484530019181,30.2998867,-97.8009244,78746
484530024233,30.1803481,-97.799467,78748
484530001021,30.3342867,-97.7695659,78731
484530024242,30.1947656,-97.7946389,78715
484530024241,30.1905789,-97.8021281,78715
484530024232,30.1793845,-97.8124756,78715
484530024222,30.1823631,-97.7794163,78745
484530024221,30.1906024,-97.7846019,78745
484910201112,30.6543056,-97.6891333,78628
484530021121,30.3179053,-97.68751,78723
484530003052,30.3138371,-97.7287094,78751
484530024123,30.191682,-97.7549155,78744
484530024122,30.1855734,-97.7498856,78744
482090109052,29.9997749,-97.8900197,78640
484530003023,30.3017976,-97.7277873,78751
482090109092,30.0166368,-97.8877538,78640
482090109053,29.9822426,-97.8812919,78640
484530024101,30.2092503,-97.7845904,78745
482090109093,30.0230314,-97.8781452,78640
484530024121,30.1908591,-97.7471935,78744
484530024113,30.1967312,-97.7491454,78744
484530024111,30.2084521,-97.7468474,78744
484530024093,30.2032719,-97.7942807,78745
484530024091,30.2113986,-97.7911147,78745
484530024032,30.2068841,-97.765919,78745
484530024031,30.2139103,-97.7609197,78745
484530023161,30.2390961,-97.7290694,78741
484530020022,30.2209436,-97.7891755,78745
484910207062,30.5033496,-97.6164935,78665
484910201151,30.7012596,-97.7084245,78633
484910201092,30.6985534,-97.7620048,78633
484910216013,30.801017,-97.6016483,76537
484530023042,30.247332,-97.731847,78741
484910216012,30.7587234,-97.622128,78673
484910204103,30.445995,-97.7616316,78729
484910204111,30.4654864,-97.7390817,78729
484910204031,30.4599858,-97.8084931,78750
484910201081,30.6988531,-97.6759821,78628
484910207061,30.5169314,-97.6183373,78665
484910201152,30.694699,-97.701965,
484910215022,30.5313532,-97.6729381,78664
484910204104,30.4463639,-97.7729773,78729
484910216021,30.654968,-97.5519365,78674
484530021042,30.3114555,-97.6991172,78723
484910215061,30.5514813,-97.6375634,78665
484910207071,30.5104283,-97.6486718,78664
484910207011,30.5059838,-97.678905,78680
484910204102,30.4380223,-97.7641749,78859
484530023101,30.2133021,-97.6534621,78617
484910205032,30.5017106,-97.6922796,78681
484910215031,30.5209018,-97.6821687,78680
484910201143,30.6650051,-97.688596,78628
484910204113,30.4514526,-97.7549107,78729
484910204092,30.4593391,-97.7713565,78729
484910204082,30.4553965,-97.7846629,78729
484910204042,30.4528785,-97.816709,78750
484910204054,30.4429474,-97.7868167,78750
484530401002,30.3564425,-97.7045101,78757
484910205093,30.5088824,-97.7515058,78717
484910206023,30.5225067,-97.6988309,78681
484910203262,30.4796986,-97.8447299,78713
484910203261,30.4898915,-97.8466294,78713
484530019211,30.2832128,-97.8826267,78735
484910205091,30.503101,-97.763969,78717
484910206041,30.5943034,-97.727929,
484910203111,30.4844971,-97.7975309,78613
484910201131,30.661658,-97.6640067,78628
484910201093,30.6839977,-97.7437804,78633
484910201132,30.6782494,-97.6567289,78626
484530021071,30.2896637,-97.6883221,78723
484910216032,30.8434971,-97.6256998,76537
484910201111,30.6713973,-97.7091202,78628
484910201061,30.7161016,-97.6756414,
484530021073,30.3007794,-97.6789798,78723
484530021062,30.3036944,-97.6866421,78723
484530021061,30.3113948,-97.6890435,78723
484530021053,30.3192233,-97.6998724,78752
484910216031,30.7723979,-97.6502428,78637
484530016035,30.2976137,-97.7626199,78703
484530020021,30.2239737,-97.783038,78745
484530019132,30.3103592,-97.7897504,78746
484530019122,30.3356906,-97.7913994,78731
484530019121,30.3220747,-97.8279266,78746
484530008023,30.2700814,-97.7111778,78702
484910202011,30.8023185,-97.7204719,
484530003041,30.3082259,-97.714499,78751
484910204112,30.4534462,-97.7381101,78727
484530024322,30.0975315,-97.7138586,78747
484910201091,30.6972944,-97.7835252,78633
484530019103,30.2595416,-97.8017714,78746
484530013082,30.2387552,-97.7578847,78704
484530019172,30.2644731,-97.8194467,78746
484530023074,30.2302088,-97.7396708,78741
484530005001,30.2985208,-97.7378186,78705
484530024303,30.1726739,-97.7631368,78744
484539800001,30.1946633,-97.666661,78714
484910216022,30.7156334,-97.5907476,78673
484530013044,30.2495826,-97.7704511,78704
484530024321,30.1493366,-97.7108033,78747
484530014021,30.2464417,-97.7395444,78704
484530012002,30.2760573,-97.7550409,78701
484530014011,30.2451057,-97.7478799,78704
484530021072,30.2959769,-97.6810896,78723
484530006012,30.2860516,-97.7376998,78712
484530008011,30.2669322,-97.7014639,78702
484530015041,30.3455683,-97.7184735,78757
484530023191,30.1998047,-97.6449201,78617
484910209001,30.6470654,-97.3377119,
484910216011,30.7912294,-97.5679114,76573
484910208081,30.5265286,-97.456679,
484530024341,30.0728551,-97.743328,78610
484530024192,30.1903837,-97.7644093,78744
484530023163,30.2338429,-97.7264707,78741
484530023131,30.2183867,-97.7237709,78741
484530023132,30.2253461,-97.7324983,78741
484910207072,30.5012635,-97.6514352,78664
484910204101,30.4486247,-97.7661817,78729
484910206022,30.5235875,-97.6953103,78680
484530022011,30.3198427,-97.6546082,78724
484530023162,30.2302024,-97.7277031,78741
484530023071,30.2222661,-97.7395811,78741
482090103022,29.8815049,-97.9289835,78666
484530013041,30.2432154,-97.7739904,78704
484530013042,30.2543893,-97.7723068,78704
484530023102,30.2423539,-97.6592003,78742
484530023072,30.2216188,-97.7455143,78741
482090105002,29.8683408,-97.954065,78666
484530008042,30.2703213,-97.7245579,78702
484530008041,30.2696968,-97.7174616,78702
484530008033,30.2757418,-97.7259909,78702
484530008032,30.2771064,-97.7185926,78702
484530008031,30.278278,-97.7131038,78702
484530002043,30.3071855,-97.7445644,78756
484530002042,30.3135477,-97.7457495,78756
484530014022,30.2431726,-97.7435354,78704
484530013083,30.2336556,-97.7611383,78704
484530013073,30.2373993,-97.7683911,78704
484530013072,30.2419411,-97.7652834,78704
484530008022,30.274356,-97.7038305,78702
484530006011,30.2937354,-97.7396449,78705
484530004023,30.2816518,-97.7219621,78722
484530004021,30.2876972,-97.7122116,78722
484530010001,30.2579877,-97.7339922,78702
484530015011,30.3535575,-97.7361693,78757
484530014032,30.2429489,-97.7333201,78741
484530014023,30.2387313,-97.7408358,78741
484530021063,30.3057436,-97.6934095,78723
484530019102,30.2676259,-97.8127632,78746
484530010004,30.2505103,-97.7208292,78702
484530010003,30.2527922,-97.716717,78702
484530009024,30.2619393,-97.7293714,78702
484530009022,30.2570243,-97.7106188,78702
484530009021,30.2609284,-97.7067363,78702
484530009012,30.2664785,-97.7273353,78702
484530009011,30.2639172,-97.7172216,78702
484530004011,30.2885489,-97.7200794,78722
484530003022,30.303463,-97.7235799,78751
484530003024,30.3075157,-97.7321039,78751
484530023073,30.2190531,-97.736105,78741
484530002061,30.3202581,-97.7435341,78756
484530002052,30.3234058,-97.7374378,78756
484530002051,30.3304798,-97.7364481,78756
484530002062,30.3313364,-97.7449009,78756
484530001013,30.3151008,-97.7513886,78756
484530001012,30.3289062,-97.756538,78731
484530001011,30.32326,-97.7477495,78756
484530024071,30.1188725,-97.8161245,78652
484530023152,30.2327526,-97.7305795,78741
484530015012,30.3434565,-97.7489245,78757
484910204041,30.4573491,-97.8154575,78713
484530019192,30.2786148,-97.7998997,78746
484530013043,30.2504764,-97.7773945,78704
482090109091,30.0110912,-97.8833314,78640
484530019162,30.3041386,-97.8520034,78746
482090107022,29.9760351,-97.9581423,78666
484530019101,30.2888801,-97.793555,78746
484530015042,30.3428188,-97.7228248,78757
484910212031,30.5974452,-97.4050923,76574
484910202031,30.726282,-97.7361582,78633
484910201082,30.6898265,-97.665136,
484910208082,30.6023035,-97.4603092,
484530021123,30.3097326,-97.6800953,78723
484530021051,30.3085319,-97.7034163,78723
484910204091,30.4697526,-97.7638348,78729
484530016022,30.282723,-97.7692115,78703
484530015043,30.3510548,-97.7281022,78757
484530019131,30.3185118,-97.8071485,78746
484530010002,30.2564141,-97.7280837,78702
484530024132,30.2007263,-97.7381872,78744
482090108061,30.1325507,-98.0565067,
482090108072,30.1469978,-98.2040964,
482090108071,30.1335384,-98.126104,
484530021093,30.2830113,-97.679436,78721
484530015053,30.3365973,-97.7246132,78757
484530003053,30.3190733,-97.7256729,78751
484530021074,30.3052266,-97.6749459,78723
484530014031,30.2363404,-97.7371275,78741
484530012003,30.2792534,-97.7638158,78703
484530008021,30.2786949,-97.7058611,78702
484530004022,30.2836184,-97.7100419,78722
484530426001,30.4542903,-97.6390735,78691
484530024401,30.152448,-97.742918,78747
484530429001,30.4320193,-97.680986,78728
484530335003,30.2058918,-97.8536799,78749
484530439003,30.4123175,-97.6630974,78753
484530451001,30.4311133,-97.6920732,78727
484530431001,30.3581886,-97.694045,78753
484530445003,30.4370557,-97.6228607,78660
484530421003,30.41657,-97.6762212,78753
484530342004,30.4357618,-97.7405656,78727
484530024391,30.1636745,-97.7542523,78747
484530024392,30.1602671,-97.7401108,78747
484530427002,30.4662437,-97.63967,78660
484530468001,30.4779754,-97.5597224,78660
484530441002,30.4396877,-97.6500055,78660
484530313001,30.1951463,-97.8545191,78749
484530465002,30.4502166,-97.660526,78728
484530455002,30.452333,-97.6864195,78728
484530441001,30.4439939,-97.6601373,78728
484530457003,30.4578674,-97.6721802,78728
484530423002,30.4383017,-97.6800045,78728
484530446002,30.4191418,-97.6355939,78691
484530423001,30.4467166,-97.6789744,78728
484530319001,30.1719206,-97.8465659,78748
484530429002,30.4325391,-97.673095,78728
484530420002,30.4312879,-97.7190377,78727
484530321001,30.2248867,-97.8277702,78715
484530325001,30.4089097,-97.7403605,78759
484530358002,30.3987547,-97.8798341,78732
484530414001,30.4140479,-97.7128669,78759
484530325003,30.413982,-97.7395123,78759
484530325002,30.4029496,-97.7353132,78759
484530413003,30.4167388,-97.7262953,78727
484530413001,30.4220465,-97.7203403,78727
484530451002,30.4357046,-97.6929071,78727
484530413002,30.4271204,-97.7270003,78727
484530430001,30.450066,-97.7030334,78728
484530420001,30.4376085,-97.711903,78727
484530316002,30.4176999,-97.7356464,78859
484530316001,30.4268865,-97.7386752,78859
484530456002,30.4704077,-97.6794802,78728
484530353002,30.4355526,-98.0959102,78669
484530407002,30.3727881,-97.7199207,78758
484530024453,30.1198599,-97.7721386,78747
484530308004,30.3994818,-97.7554046,78759
484530460003,30.4861454,-97.59702,78660
484530301002,30.3808946,-97.7615409,78759
484530301003,30.384552,-97.7480286,78759
484530300003,30.3638016,-97.7766819,78731
484530338002,30.4293911,-97.7918643,78750
484530400002,30.3422016,-97.7117664,78752
484530324001,30.3907522,-97.7387405,78759
484530462002,30.4657197,-97.6225017,78691
484530300004,30.3739993,-97.7660306,78731
484530425002,30.4231804,-97.555857,
484530300001,30.3713689,-97.7789431,78731
484530419002,30.3852552,-97.690599,78758
484530305002,30.3784637,-97.7894043,78750
484530449001,30.3996024,-97.6150925,78660
484530444005,30.4366947,-97.6342506,78660
484530345001,30.4326163,-97.8215891,78750
484530364002,30.489161,-98.0562705,78654
484530352003,30.4407845,-98.0410438,78669
484530416004,30.3547647,-97.675545,78753
484530013111,30.2582419,-97.7524205,78767
484530024531,30.1689898,-97.5836118,78617
484530449002,30.3843831,-97.628325,78754
484530428001,30.4479395,-97.623758,78691
484530353001,30.3799323,-98.0610857,78669
484530470001,30.4373117,-97.5915846,78660
484530024491,30.1666775,-97.6393221,78617
484530463001,30.4486568,-97.6122968,78660
484530328001,30.3978551,-97.7639672,78759
484530013123,30.2532837,-97.7582224,78704
484530305001,30.3966919,-97.8043068,78750
484530422003,30.4122241,-97.695276,78727
484530421001,30.4219858,-97.6985626,78727
484530452001,30.4254636,-97.6933457,78727
484530438002,30.3841206,-97.6617497,78753
484530300002,30.3651822,-97.7659989,78731
484530422002,30.4142999,-97.6999789,78727
484530339001,30.3316055,-97.8672604,78733
484530414002,30.4196744,-97.7127716,78759
484530022191,30.270174,-97.5339014,
484530402002,30.3266444,-97.680705,78752
484530354003,30.359849,-98.0159949,78738
484530464001,30.4741622,-97.6476973,78664
484530425001,30.4519226,-97.5098128,78653
484530016034,30.2932096,-97.7550104,78703
484530022193,30.2713115,-97.4775219,78653
484530355002,30.4749754,-97.8517555,78713
484530356002,30.4624119,-97.8909559,
484530459001,30.3779139,-97.5003421,78653
484530024422,30.1769989,-97.7552475,78744
484530016033,30.2968156,-97.7525856,78703
484530024402,30.1448973,-97.748099,78747
484530024461,30.1274335,-97.7891871,78747
484530024452,30.1489035,-97.775613,78747
484530016042,30.3087824,-97.7679767,78703
484530024073,30.1362122,-97.8163389,78652
484530461002,30.4809466,-97.6211712,78664
484530421002,30.4159575,-97.6896781,78727
484530016051,30.291025,-97.7660167,78703
484530016044,30.2951537,-97.7728125,78703
484530016041,30.2992975,-97.7824293,78703
484910204081,30.4660085,-97.7869768,78729
484530016043,30.3026924,-97.7715088,78703
484530016032,30.3050217,-97.7556922,78756
484910203102,30.530138,-97.7334116,78681
484530016054,30.2822969,-97.7597566,78703
484530016053,30.282437,-97.754079,78703
484530016052,30.2872384,-97.7593565,78703
484530024361,30.1265807,-97.6818965,78719
484530022111,30.2742994,-97.6192562,78724
484530021131,30.3152285,-97.6678066,78723
484530021133,30.3207132,-97.6732562,78723
484910202012,30.8597376,-97.7042645,
484530020032,30.2191547,-97.7700294,78745
484530024112,30.1994992,-97.7560889,78744
484530019142,30.2471097,-97.835392,78735
484530016021,30.2900812,-97.7782019,78703
484910207012,30.514035,-97.6652988,78664
484910205072,30.4984965,-97.730054,78681
484910203252,30.5376774,-97.8394223,78613
484910203232,30.5310805,-97.8517955,78613
484910205082,30.4888626,-97.7799701,78717
484530023142,30.2281398,-97.7203472,78741
484910203112,30.4954588,-97.7965283,78613
484910204032,30.4632826,-97.8010365,78729
484530019104,30.2680866,-97.7978191,78746
484530019173,30.2872347,-97.8388146,78746
484530016031,30.3022305,-97.7517021,78705
484530015052,30.340576,-97.7331831,78757
484530001022,30.3191841,-97.7637484,78756
484530019183,30.2935356,-97.8112498,78746
484530019191,30.2744708,-97.7861878,78746
484530016023,30.2844792,-97.7803279,78703
484530019111,30.2499194,-97.7969387,78704
484530021122,30.3178309,-97.6828643,78723
484530005002,30.2975252,-97.7329994,78705
484530019151,30.2405635,-97.8366971,78735
484530024231,30.1793742,-97.8054217,78715
484530010005,30.253259,-97.7333118,78702
484530019182,30.2856769,-97.8166258,78746
484530007001,30.2777004,-97.7411232,78701
484530004012,30.2933071,-97.7248275,78705
484530023143,30.2287064,-97.7233906,78741
484530013071,30.2310665,-97.7712704,78704
484530003071,30.2970325,-97.7125652,78722
484530003051,30.312085,-97.7234539,78751
484530002031,30.3080669,-97.7379856,78751
484530003042,30.3105055,-97.7192952,78751
484530015031,30.3200145,-97.719512,78751
482090104013,29.857124,-97.9476239,78666
484530015014,30.342315,-97.7425532,78757
484530002063,30.3280186,-97.7412785,78756
484530024092,30.2047319,-97.7976365,78745
484530024301,30.1740721,-97.7480789,78744
484910214024,30.6258995,-97.6861639,78626
484530024302,30.1699219,-97.7492264,78744
484530023141,30.2311144,-97.7241938,78741
484530023043,30.2416695,-97.7204469,78741
484530020041,30.232703,-97.7888007,78704
484530020031,30.2192206,-97.7781233,78745
484530021113,30.2582833,-97.6793314,78721
484910215062,30.549732,-97.6209484,78665
484910205081,30.4820275,-97.7705807,78717
484910214022,30.636895,-97.6780252,78626
484910214021,30.6444664,-97.6755892,78626
484910211001,30.5709103,-97.4147932,76574
484910213002,30.7338217,-97.4440094,76530
484910212032,30.5867801,-97.4158746,76574
484910212022,30.580528,-97.4217514,76574
484910212021,30.5933646,-97.4179914,76574
484910211002,30.570699,-97.4283079,76574
482090103021,29.8672305,-97.9012088,78666
484910210003,30.5568005,-97.4235536,76574
484910210001,30.5740931,-97.4003702,76574
482090108062,30.175983,-98.0274451,78620
482090103081,29.8942956,-97.9168265,78666
484530015034,30.3281841,-97.7106612,78752
484530015013,30.3551472,-97.7427757,78757
484910207043,30.5001238,-97.6646428,78664
484910207041,30.5075084,-97.6656829,78664
484910206021,30.5296636,-97.7073567,78681
484910205092,30.5173825,-97.738036,78681
484910204062,30.443258,-97.7805398,78729
484910209004,30.4689232,-97.3506147,78615
484530015033,30.3278956,-97.7196904,78752
484910203101,30.5534821,-97.7756458,78641
484530015032,30.3355469,-97.7153918,78752
484530002041,30.3003039,-97.7429433,78705
484910201083,30.6811732,-97.703876,78628
484910204061,30.4512711,-97.7752131,78729
484910204053,30.4508753,-97.8068214,78750
484910204052,30.4543494,-97.7999113,78750
484910204051,30.4572362,-97.7951519,78729
482090108112,30.0316813,-98.2239613,78623
482090109201,30.0241697,-97.7473311,78640
482090109181,29.9652848,-97.8406646,78640
482090109241,29.9981493,-97.8571865,78640
482090108131,30.027242,-98.1359745,78676
482090108132,30.0405313,-98.143701,78676
482090108111,30.0682253,-98.1651867,
482090108133,30.0384256,-98.1590662,78676
482090108092,30.2590879,-98.0492409,78620
482090109132,30.0494489,-97.8525213,78640
482090103054,29.8930547,-97.9045654,
482090104012,29.8577763,-97.9424351,78666
482090109213,30.0056396,-97.8127069,78640
482090105001,29.8706669,-97.9428117,78666
482090108161,30.1882115,-97.9753136,
482090102003,29.8878282,-97.9432205,78666
484530013091,30.2651797,-97.7605954,78704
482090109221,30.0438861,-97.8127258,
482090109142,30.0391701,-97.8990319,78640
482090103052,29.8904495,-97.907391,78666
482090109222,30.0662733,-97.8161585,78610
482090108151,30.1846707,-97.9532386,78737
482090109231,30.0454901,-97.7823299,
482090107031,29.8929724,-97.9309173,78666
482090109152,30.07635,-97.8641098,78610
482090108101,29.9961799,-98.1354967,
482090108124,30.0341443,-98.0725353,78676
482090109242,29.9897609,-97.8662983,78640
482090109251,30.0123024,-97.8541016,78640
482090102004,29.8895334,-97.9500331,78666
484910203264,30.503764,-97.8521265,78613
482090103091,29.899816,-97.9116089,78666
482090109151,30.0974481,-97.8600023,78610
482090108162,30.1990621,-97.9798561,78737
482090109252,29.9982247,-97.8725826,78640
482090108164,30.193271,-97.9900608,78737
482090108163,30.1595615,-97.9945155,
482090109253,29.9993589,-97.8812884,78640
482090104011,29.8575486,-97.9226288,78666
482090109232,30.0723637,-97.7949615,78610
482090108165,30.1705674,-97.9802053,78737
482090106012,29.88864,-97.9612092,78666
482090109111,30.1131211,-97.85331,78610
482090109211,30.0068941,-97.8067418,78640
482090109112,30.1113515,-97.8693825,78610
482090109192,30.0180277,-97.8145596,78640
482090109131,30.080857,-97.8295172,78610
482090109162,29.9860173,-97.8489318,78640
482090107034,29.893666,-97.9372365,78666
482090108093,30.2169195,-98.0519608,78620
482090106013,29.8784721,-97.9626512,78666
482090109223,30.0439026,-97.8319242,78610
482090109122,30.1049954,-97.9081808,78610
482090104021,29.8388558,-97.919154,78666
482090103023,29.8768507,-97.9250004,78666
482090103082,29.8954517,-97.9208352,78666
482090103051,29.8861654,-97.8986182,78666
482090103073,29.8868668,-97.9209621,78666
484910206082,30.5543996,-97.7394881,78681
482090108142,30.0293179,-98.1149136,78676
482090109191,30.0250173,-97.8420305,78640
482090106021,29.8692886,-97.9790433,78666
482090107033,29.8971187,-97.9551536,78666
482090109161,30.007707,-97.8365666,78640
482090107032,29.9026393,-97.9441081,78666
482090109182,29.9806898,-97.8585619,78640
482090103053,29.8940763,-97.9081439,
482090105003,29.8328983,-97.9846371,
482090106011,29.8821247,-97.9558003,78666
482090106031,29.8871823,-97.9714949,78666
482090103071,29.8885754,-97.9277952,78666
484910205121,30.4790402,-97.6887757,78682
482090109172,29.9380204,-97.8638251,78656
482090108123,29.9501349,-98.0563301,
484910208103,30.5052505,-97.5583542,78634
482090109133,30.0954268,-97.834565,78610
482090108102,29.9606329,-98.1339896,
482090107041,29.9421998,-98.004026,78666
484910203381,30.5522664,-97.8668242,78641
482090109212,29.9956742,-97.7816595,
484910215142,30.5565031,-97.6728223,78665
482090109163,29.9686952,-97.8118819,
482090108171,30.2313768,-98.0981823,78620
482090104023,29.8210432,-97.9676711,78666
482090106022,29.8590412,-97.9808072,78666
482090108141,30.0145682,-98.1101396,78676
484910203344,30.4714572,-97.8210436,78613
484910203332,30.4646835,-97.8315115,78613
482090103092,29.9248509,-97.8978963,
484910203491,30.514355,-97.8192745,78613
484910203311,30.5625089,-97.8828578,78641
484910208191,30.5079403,-97.5141148,78634
482090103061,29.9160786,-97.8790204,78666
484910207132,30.4950609,-97.6251529,78664
482090106023,29.8572981,-98.0199445,
484910205112,30.4922004,-97.6816717,78681
482090106032,29.8961084,-98.0314288,
484910203302,30.630287,-97.964049,
484910202081,30.7595751,-97.9297043,78642
484910202033,30.754459,-97.7624053,78628
484910203471,30.5026709,-97.7977517,78613
484910203341,30.4710868,-97.8069519,78613
484910208163,30.5098554,-97.5784387,78634
484910203322,30.5670703,-97.8577324,78641
484910201181,30.7037173,-97.7269691,78633
484910203561,30.4808163,-97.8181232,78713
484910206042,30.5488973,-97.7572015,
484910201182,30.7040164,-97.7419926,78633
484910215103,30.567681,-97.6884377,78665
484910204063,30.4409239,-97.7684202,78729
484910208142,30.5154072,-97.6010978,78664
484910215101,30.5763716,-97.6785358,78665
484910203292,30.6326595,-97.8701491,78641
484910205142,30.5155227,-97.7268881,78781
484910201162,30.7110428,-97.7112991,78633
484910201211,30.6534314,-97.7075688,78628
484910201241,30.6247382,-97.7514062,78628
484910207092,30.4931097,-97.6639899,78664
484910205161,30.4948272,-97.7647671,78717
484910207111,30.5068517,-97.6317536,78665
484910203113,30.4744834,-97.7879862,78717
484910203371,30.5274936,-97.8626577,78613
484910208162,30.5349158,-97.5833083,78634
484910208182,30.5428035,-97.6102671,78665
484910203351,30.502619,-97.8417687,78613
484910201161,30.7297043,-97.6939441,
484910201063,30.6972052,-97.6924868,78628
484910208131,30.5504448,-97.5475213,78634
484910207091,30.4893682,-97.6710809,78664
484910203301,30.6767084,-97.9866246,
484910203391,30.5735183,-97.8099566,78641
484910206081,30.5541162,-97.7492488,78681
484910215151,30.560662,-97.6665084,78665
484910215173,30.5302319,-97.6558461,78664
484910215091,30.5770325,-97.6576545,78665
484910208141,30.516621,-97.5967185,78664
484530023272,30.237592,-97.7126238,78741
484910215093,30.5710423,-97.663911,78665
484910208223,30.6551647,-97.6474938,78626
484910203511,30.5458207,-97.8341588,78641
484910203513,30.5456004,-97.8139571,78613
484910215141,30.5611504,-97.6743192,78665
484910201172,30.7400942,-97.718787,78633
484530435002,30.373161,-97.6517612,78754
484910208122,30.5642996,-97.5480248,78634
484910214042,30.6322842,-97.636339,78626
484910203542,30.519305,-97.8562918,78613
484910203373,30.5449535,-97.855226,78641
484910201202,30.6732502,-97.8287161,78628
484910205131,30.4668662,-97.6905798,78728
484910208102,30.5219928,-97.5618115,78634
484910206091,30.5699483,-97.7541734,78628
484910203312,30.5739065,-97.8625715,78641
484530005003,30.2939335,-97.7350124,78705
484910208161,30.5160192,-97.5860836,78634
484530457002,30.4413872,-97.6729203,78728
484910206043,30.5710122,-97.767816,78628
484910205173,30.4919868,-97.7400398,78781
484910201243,30.6254794,-97.7954773,78628
484910215161,30.5450574,-97.6632917,78665
484910203411,30.5697159,-97.8384859,78641
484910208151,30.5192415,-97.6056373,78664
484910205033,30.4908803,-97.7270805,78781
484910205071,30.5023846,-97.7364196,78781
484530003025,30.3034546,-97.7346888,78751
484910203291,30.6248487,-97.8698538,78641
484910203321,30.5607856,-97.8517988,78641
484910203363,30.4992639,-97.8245676,78613
484530365001,30.3147491,-98.0442382,
484910201242,30.6114904,-97.763883,78628
484910201232,30.6147015,-97.7111991,78628
484910215102,30.5791608,-97.6675359,78665
484910202071,30.6881923,-97.9002087,78642
484910202073,30.7238091,-97.911725,
484910208211,30.5944569,-97.6286655,78626
484910208183,30.5633617,-97.6113285,78665
484910215104,30.5676518,-97.677505,78665
484910201222,30.636792,-97.7442914,78628
484910214043,30.6299793,-97.6486282,78626
484910203562,30.4799915,-97.8093376,78613
484910203431,30.585606,-97.9081763,
484910203352,30.5040045,-97.828791,78613
484910208172,30.5427714,-97.5796912,78634
484910205151,30.5066736,-97.730519,78781
484910208101,30.509207,-97.5735013,78634
484910201171,30.725383,-97.7123211,78633
484910208112,30.5252101,-97.5486654,78634
484910208171,30.5557596,-97.5943386,78634
484910216014,30.811649,-97.5990237,76537
484910205163,30.4896312,-97.7617167,78717
484910214041,30.6378808,-97.6368828,78626
484910203343,30.4767209,-97.8312324,78713
484910208202,30.5260503,-97.5376774,78634
484910203521,30.5313891,-97.8186616,78613
484910207112,30.5042096,-97.6249125,78665
484910207102,30.4800983,-97.6559936,78664
484910206062,30.5412404,-97.7460925,78781
484910203331,30.4708684,-97.8347542,78613
484910205122,30.4862623,-97.685955,78682
484910201062,30.7058887,-97.6869866,
484910201212,30.6410799,-97.6929959,78628
484910203263,30.4820701,-97.8395313,78613
484910207101,30.4844932,-97.6401293,78664
484910203361,30.4941453,-97.8334126,78713
484910215182,30.5361305,-97.6620712,78664
484530323003,30.354416,-97.7518682,78731
484910215172,30.5248346,-97.6602344,78664
484910206071,30.541758,-97.7166375,78681
484910205083,30.5000715,-97.7826965,78717
484910208143,30.5037673,-97.6092249,78664
484910214072,30.6054879,-97.660113,78626
484910205094,30.5126503,-97.7453894,78717
484910203421,30.6017833,-97.8749424,78641
484530022142,30.2901644,-97.6508131,78724
484910201233,30.6271758,-97.7096698,78628
484910214051,30.6472646,-97.6573419,78626
484910215122,30.5262145,-97.6497783,78665
484910208123,30.5850456,-97.5688867,
484910208121,30.5730134,-97.5943239,78634
484910203372,30.535117,-97.8664075,78641
484910203461,30.5388972,-97.792883,78613
484530023254,30.2323182,-97.7143954,78741
484910215111,30.5345671,-97.6284526,78665
484910214053,30.6005698,-97.6431962,78626
484910215181,30.5392249,-97.65609,78664
484910206073,30.5498876,-97.723448,78681
484910203541,30.520114,-97.8642531,78613
484910206072,30.5499957,-97.7010756,78680
484910201142,30.6562537,-97.681689,78628
484910206083,30.5621819,-97.7183351,78781
484910214061,30.5960909,-97.6767028,78665
484910215092,30.5818724,-97.6497288,78665
484910205172,30.5004101,-97.742775,78781
484910215121,30.5331793,-97.6430287,78665
484910205111,30.4950921,-97.6881484,78681
484910207042,30.4984427,-97.6727179,78664
484530024432,30.1992212,-97.7731079,78745
484910207073,30.5030243,-97.6578182,78664
484910203362,30.487393,-97.8339689,78713
484910201231,30.6210917,-97.6984484,78628
484910203493,30.5212089,-97.8216697,78613
484910205034,30.4917971,-97.7152984,78681
484910201221,30.6645427,-97.7786161,78628
484910201191,30.7233321,-97.7579236,78633
484910208201,30.5381458,-97.5536571,78634
484910214062,30.6159608,-97.679751,78626
484910208111,30.5259406,-97.5603973,78634
484910214052,30.6181003,-97.6573502,78626
484910208132,30.5964059,-97.5244774,
484910201144,30.6670369,-97.6751022,78628
484910203342,30.4773104,-97.8240389,78613
484910207121,30.499517,-97.6422864,78665
484910206061,30.5378882,-97.7338067,78681
484910205132,30.4685841,-97.6986332,78728
484910201201,30.6647848,-97.847407,78642
484910203333,30.4664717,-97.825869,78613
484910208222,30.6141149,-97.5715807,
484910215023,30.5345442,-97.6747158,78664
484530023213,30.2267801,-97.6955192,78742
484910205171,30.4929039,-97.7464436,78717
484910208221,30.6578952,-97.6178433,78262
484910208181,30.5586794,-97.6210311,78665
484910215132,30.5412508,-97.6856318,78680
484910215171,30.5223288,-97.6653614,78664
484910215131,30.5491774,-97.6833319,78665
484910202052,30.737769,-97.8155651,
484530023252,30.2275429,-97.7046691,78741
484910201183,30.717643,-97.7445675,78633
484910208164,30.5049348,-97.5916926,78664
484530444001,30.4302032,-97.632624,78691
484910206092,30.5766505,-97.7321598,78781
484910215162,30.5646727,-97.6537927,78665
484910202032,30.7273634,-97.7298619,78633
484910215152,30.5522389,-97.6658107,78665
484910202061,30.8417951,-97.8096985,76572
484910207093,30.4906667,-97.6571343,78664
484910202051,30.7091936,-97.855148,78633
484910202062,30.8058005,-97.8681842,
484910205162,30.4925601,-97.7702626,78717
484910202072,30.6923751,-97.924615,
484910214071,30.6295308,-97.6713047,78626
484910203503,30.5067445,-97.8053042,78613
484910203532,30.5252557,-97.849016,78613
484910203481,30.5283533,-97.7980374,78613
484910203191,30.5548658,-97.8372258,78641
484910203451,30.5175933,-97.7710549,78717
484910207122,30.4926189,-97.6406413,78664
484910203531,30.5190347,-97.8468866,78613
484530440001,30.3912267,-97.6559894,78753
484910203512,30.546196,-97.8271639,78641
484910207131,30.493069,-97.6131425,78664
484910203192,30.5603395,-97.8273981,78641
484910203193,30.5548902,-97.8277141,78641
484910203452,30.5138137,-97.7623771,78613
484910203441,30.5810587,-97.8662522,78641
484530023144,30.2273812,-97.719107,78741
484910203501,30.5118508,-97.8026382,78613
484910203492,30.508172,-97.8157382,78613
484910203194,30.5617787,-97.81121,78641
484910203502,30.5190348,-97.8033146,78613
484910203472,30.5187729,-97.7812311,78613
484530025005,30.4181218,-97.7541564,78859
484910205141,30.5221204,-97.7245845,78781
484910203401,30.5962242,-97.8428536,
484530342002,30.4378031,-97.7478964,78727
484910205152,30.5081977,-97.7220972,78681
484910205052,30.5172606,-97.7094405,78681
484910205174,30.4898362,-97.7331193,78781
484910203453,30.5256286,-97.7639524,78613
484910205051,30.5132844,-97.7139817,78681
484530022141,30.2936767,-97.657363,78723
484910203551,30.4896817,-97.8213357,78613
484530403001,30.3463938,-97.68552,78753
484530320003,30.2301875,-97.8327365,78749
484530022151,30.2587525,-97.5700348,78724
484530023241,30.2357646,-97.7200114,78741
484530433002,30.3308302,-97.6910784,78752
484530444002,30.4340284,-97.6428301,78691
484530340003,30.3296639,-97.9447278,78738
484530024191,30.1954505,-97.7637023,78744
484530024521,30.2021528,-97.6276635,78714
484530023212,30.234071,-97.6902858,78741
484530331002,30.359797,-97.9916606,78738
484530376001,30.384099,-97.9981721,78645
484530311001,30.2017356,-97.9403204,78737
484530021102,30.2780303,-97.6724415,78721
484530011031,30.2590809,-97.73992,78767
484530022201,30.3169719,-97.6396062,78724
484530376002,30.4719551,-97.9314518,78645
484530024371,30.1659019,-97.7948187,78748
484530306001,30.3512928,-97.7557519,78731
484530006082,30.2836545,-97.7434434,78712
484530326001,30.4189267,-97.7742897,78859
484530354002,30.3518902,-98.0442017,78669
484530462001,30.4777105,-97.6349758,78660
484530322001,30.3596299,-97.7603667,78731
484530306005,30.3475684,-97.7679433,78731
484530013081,30.2276787,-97.7650543,78704
484530023231,30.2381013,-97.748289,78704
484530012004,30.26744,-97.7539977,78703
484530023222,30.221263,-97.7528359,78704
484530436002,30.3366945,-97.6648121,78752
484530436001,30.3417916,-97.6513923,78754
484530440002,30.4000197,-97.6645181,78753
484530341002,30.444446,-97.7483081,78729
484530369003,30.3449128,-97.9776946,78738
484530404002,30.361396,-97.736768,78757
484530302004,30.3657143,-97.7457102,78759
484530416001,30.3570029,-97.68056,78753
484530302001,30.3740838,-97.7469222,78759
484530374001,30.4371716,-98.0049554,78645
484530301001,30.3819418,-97.7565299,78759
484530308002,30.3924653,-97.7486693,78759
484530412001,30.4000489,-97.6816424,78753
484530332001,30.1329924,-97.8409995,78652
484530308003,30.4047325,-97.7537102,78759
484530305003,30.3696708,-97.7939719,78731
484530469003,30.4607081,-97.5892047,78660
484530307001,30.3535137,-97.7779628,78731
484530412002,30.4085614,-97.6869949,78758
484530343002,30.4433149,-97.8221276,78726
484530338001,30.433074,-97.7836756,78750
484530350001,30.3787595,-97.8648254,78730
484530020042,30.2395848,-97.784876,78704
484530336003,30.3646827,-97.9622055,78734
484530448001,30.4148189,-97.5981651,78660
484530365002,30.3680403,-98.1172101,
484530022162,30.2224933,-97.5571211,78725
484530024492,30.1566349,-97.6637092,78719
484530024533,30.2033187,-97.5614109,
484530024483,30.1829936,-97.7262826,78744
484530428003,30.4590944,-97.6267564,78660
484530452002,30.4235712,-97.6847641,78727
484530326002,30.4065207,-97.7812512,78759
484530024451,30.1465875,-97.7913863,78748
484530349001,30.3806574,-97.8900018,78732
484530024362,30.0910391,-97.6579099,78617
484530443001,30.4111153,-97.6430378,78691
484530447001,30.4143113,-97.6281881,78660
484530460002,30.4872071,-97.6163717,78664
484530422001,30.4108566,-97.7044132,78758
484530430003,30.4393593,-97.6910329,78728
484530359002,30.6074583,-97.9937039,
484530312005,30.2141459,-97.859301,78749
484530458001,30.4078569,-97.4406984,78653
484530022183,30.3099267,-97.470676,
484530022194,30.2910849,-97.4955826,78621
484530022171,30.3388855,-97.4539167,78621
484530456001,30.459202,-97.6842684,78728
484530426002,30.4520633,-97.6500406,78660
484530022172,30.343797,-97.5332113,78653
484530024501,30.1373273,-97.6130311,78617
484530308001,30.4079563,-97.7594158,78759
484530024072,30.1463422,-97.811252,78748
484530445002,30.443039,-97.6351425,78660
484530019212,30.2944105,-97.8695853,78735
484530333003,30.1844329,-97.9236887,78739
484530355001,30.4857727,-97.8582899,78713
484530407005,30.3737784,-97.7171922,78758
484530469002,30.4477558,-97.5763746,78660
484530023242,30.2330217,-97.7182491,78741
484530357001,30.4576894,-97.8565544,78613
484530428002,30.4509135,-97.6341711,78691
484530435001,30.3806358,-97.6485117,78753
484530022222,30.2974782,-97.6292814,78724
484530023261,30.244493,-97.7125417,78741
484530346002,30.4067403,-97.846335,78726
484530467001,30.470898,-97.5769043,78660
484530350003,30.3619897,-97.8855373,78732
484530469001,30.4547865,-97.5673635,78660
484530022152,30.2627215,-97.5917232,78724
484530024482,30.2016485,-97.6954345,78744
484530340002,30.3127986,-97.9255472,78738
484530455001,30.4536578,-97.6920883,78728
484530346003,30.4088624,-97.8321068,
484530024372,30.1579505,-97.7956163,78748
484530023211,30.2340963,-97.6956408,78741
484530023273,30.238862,-97.7065829,78741
484530333005,30.1800003,-97.9137764,78737
484530342001,30.4299706,-97.745048,78859
484530004013,30.2855617,-97.7297581,78712
484530445001,30.4288638,-97.618586,78660
484530403004,30.3533277,-97.6888401,78753
484530425003,30.4401184,-97.54538,78660
484530367002,30.1916249,-97.914771,78737
484530005004,30.2935354,-97.7308719,78705
484530346001,30.4228764,-97.8312572,78726
484530457001,30.4464063,-97.6711976,78728
484530003081,30.2961202,-97.6944443,78723
484530003091,30.2945494,-97.7029865,78723
484530344001,30.4308781,-97.8387944,78726
484530022221,30.3026235,-97.6360779,78724
484530318002,30.1845976,-97.8227741,78748
484530467002,30.4764641,-97.5842693,78660
484530462003,30.4734146,-97.6271679,78664
484530430002,30.4376615,-97.6866877,78728
484530454002,30.4035607,-97.721309,78758
484530019143,30.2513378,-97.8428626,78735
484530024522,30.185926,-97.6308751,78714
484530460001,30.4976035,-97.5923565,
484530024433,30.1947833,-97.7722404,78745
484530003021,30.299731,-97.7195388,78751
484530002053,30.3202581,-97.7314608,78756
484530318001,30.1805383,-97.8268555,78748
484530461001,30.4715763,-97.6078609,78660
484530427001,30.4603664,-97.64134,78660
484530023251,30.2315444,-97.7090379,78741
484530341001,30.4448574,-97.732286,78729
484530341003,30.4407482,-97.7442423,78727
484530359003,30.5602107,-97.9004819,78641
484530372003,30.1608906,-97.8484161,78748
484530432002,30.3473691,-97.699134,78753
484530361001,30.5286086,-97.8795544,78641
484530003093,30.3020804,-97.7059301,78723
484530431003,30.3552366,-97.6974369,78758
484530433001,30.3339028,-97.6977217,78752
484530432001,30.349891,-97.6957848,78753
484530465001,30.4625119,-97.6582189,78664
484530362001,30.5290168,-97.9117912,78641
484530360001,30.5427758,-97.9046853,78641
484530359001,30.5561689,-97.9308481,
484530024443,30.1967555,-97.7824419,78745
484530400001,30.3381903,-97.7057278,78752
484530372001,30.1519006,-97.845113,78748
484530024381,30.1572832,-97.8146341,78748
484530318004,30.1767918,-97.825232,78748
484530309001,30.1944885,-97.8162429,78715
484530332002,30.1517243,-97.8304739,78748
484530432003,30.3519268,-97.7021453,78753
484530434001,30.3284539,-97.699033,78752
484530403002,30.3513395,-97.6788215,78753
484530024471,30.1941946,-97.7332525,78744
484530439002,30.3972428,-97.6474639,78753
484530023253,30.2326242,-97.7021236,78741
484530023201,30.221926,-97.6951754,78742
484530023145,30.2225924,-97.7123323,78741
484530303003,30.2171861,-97.7934236,78745
484530443003,30.4253426,-97.6505522,78691
484530023041,30.2442403,-97.7278838,78741
484530303001,30.2277107,-97.7961015,78745
484530468002,30.4665938,-97.5613484,
484530022143,30.2763965,-97.6536056,78721
484530003092,30.289294,-97.7032871,78722
484530368001,30.1876407,-97.8877829,78739
484530326003,30.4083255,-97.7733225,78759
484530021103,30.271753,-97.6795484,78721
484530002054,30.3258666,-97.7308018,78756
484530013122,30.2452677,-97.7539204,78704
484530442001,30.4301484,-97.663273,78660
484530024481,30.2112517,-97.6982295,78744
484530020071,30.2437223,-97.7790841,78704
484530024411,30.1814813,-97.7698558,78744
484530421004,30.4174026,-97.681335,78727
484530023271,30.2419928,-97.6946608,78741
484530409003,30.3780333,-97.6925235,78758
484530022161,30.2423658,-97.6171675,78725
484530367004,30.2007407,-97.9014425,78737
484530011022,30.266609,-97.7450234,78701
484530304001,30.2089285,-97.8105372,78715
484530409002,30.3760876,-97.6964877,78758
484530321003,30.2143161,-97.8173585,78715
484530019112,30.2585241,-97.7909024,78746
484530434002,30.3247377,-97.7012658,78752
484530315002,30.3781737,-97.9274369,78734
484530021054,30.3169564,-97.7053727,78723
484530418002,30.3944477,-97.7038707,78758
484530315004,30.3628168,-97.9310395,78734
484530350002,30.3858404,-97.87715,78732
484530006072,30.2867081,-97.7463836,78705
484530006063,30.2894014,-97.746111,78705
484530024511,30.1674716,-97.77431,78747
484530406002,30.3640659,-97.7057046,78758
484530314003,30.3893149,-97.9458819,78734
484530024442,30.2025119,-97.7798612,78745
484530312002,30.2208548,-97.8472216,78749
484530024382,30.1678619,-97.8042256,78748
484530347002,30.2227777,-97.8814398,78737
484530312003,30.2208956,-97.8709661,78749
484530024373,30.1713027,-97.7920763,78715
484530333001,30.1632825,-97.8688188,78739
484530407004,30.375428,-97.7141391,78758
484530407003,30.3677726,-97.7144025,78758
484530327001,30.4249217,-97.7730178,78859
484530408003,30.3842914,-97.7110517,78758
484530314002,30.4043358,-97.9121703,78734
484530011021,30.2684664,-97.7492191,78701
484530019171,30.2787518,-97.8374308,78735
484530400003,30.343709,-97.7010959,78752
484530334002,30.2101653,-97.8449107,78749
484530418001,30.3993989,-97.699842,78758
484530330001,30.2358706,-97.8873685,78736
484530405003,30.357715,-97.7260069,78757
484530315001,30.3443093,-97.9542916,78734
484530347001,30.2306459,-97.8711823,78749
484530329002,30.357,-97.8523643,78730
484530014012,30.2573651,-97.7446928,78741
484530342003,30.4322725,-97.752259,78859
484530439001,30.404245,-97.6500993,78753
484530363001,30.5486587,-97.9935289,
484530317001,30.1831802,-97.8330729,78748
484530371001,30.1660102,-97.8552489,78748
484530443002,30.4184988,-97.6541239,78660
484530309005,30.1947727,-97.8267855,78715
484530371002,30.1562388,-97.8574138,78748
484530333002,30.167421,-97.8639035,78739
484530024512,30.157356,-97.7832595,78747
484530309003,30.2022141,-97.8159746,78745
484530338003,30.427039,-97.8001999,78750
484530327002,30.4276417,-97.7657973,78859
484530329003,30.3786719,-97.8366774,78730
484530337001,30.4396997,-97.8023508,78750
484530337002,30.4398295,-97.7906726,78750
484530344002,30.4423856,-97.8305597,78726
484530339002,30.3416231,-97.8693712,78733
480219508053,30.0392463,-97.5823593,
480219508042,30.0925302,-97.5259201,78612
480219508043,30.0968716,-97.5792351,78617
480219508032,30.1203098,-97.5616694,78617
480219508031,30.1313505,-97.5630049,
480219501011,30.2498772,-97.3811625,
480219502021,30.374058,-97.3827631,78621
480219508052,30.0691095,-97.609892,78616
480219503031,30.1447261,-97.4984899,78612
480219503013,30.1712078,-97.4842792,78612
480219502022,30.34858,-97.3980266,78621
480219501012,30.2154155,-97.4290228,78621
484910201203,30.6525842,-97.812426,78628
480219501021,30.3691661,-97.3299048,78621
482090109141,30.0846964,-97.9534275,
484910201213,30.6430812,-97.7000521,78628
482090104022,29.7942508,-97.9748326,
482090108172,30.2441676,-98.1836942,78620
482090108181,30.2899527,-98.1442884,78620
482090108121,30.081026,-98.0415993,78619
482090108063,30.173049,-98.0659967,
482090108122,29.9966053,-98.0496782,
482090109171,29.9662419,-97.8556191,78640
482090109123,30.1247217,-97.885766,78739
482090109121,30.1403641,-97.9405419,
